job_title,job_types,location,salary,job_schedule
Senior Python Engineer - AWS Serverless,100% Remote Work,"Los Angeles, CA",75.00 - 100.00 USD Hourly,Full-Time
Python Developer,Hybrid Remote Work,"Newark, NJ","130,000 - 165,000 USD Annually",Full-Time
Senior Python Engineer,100% Remote Work,Pakistan,Not specified,Full-Time
Lead Python Developer - EG,100% Remote Work,"Costa Rica, Colombia",Not specified,Full-Time
Snowflake Developer with Python Scripting,Hybrid Remote Work,"Tampa, FL, Coppell, TX","60,000 - 115,000 USD Annually",Full-Time
Senior (+) Python Developer - Octopus by RTG,Hybrid Remote Work,"Cairo, RIY, Egypt",Not specified,Full-Time
Python Software Engineer - OOP,100% Remote Work,"Cincinnati, OH",54.00 - 67.00 USD Hourly,Not specified
"Software Engineer - GoLang, Python, KVM",Hybrid Remote Work,"Hyderabad, India",Not specified,Full-Time
Backend Software Engineer - Python,Hybrid Remote Work,"San Jose, CA","62,101 - 107,642 USD Annually",Full-Time
"Senior Software Engineer, Infra Engine, Python, K8s",Hybrid Remote Work,"Hyderabad, India",Not specified,Full-Time
Staff Backend Engineer - Python,100% Remote Work,US National,Not specified,Full-Time
Senior Python Developer,Hybrid Remote Work,"Jersey City, NJ, White Plains, NY, Charlotte, NC","115,000 - 205,000 USD Annually",Full-Time
"Relibality Device Engineer - Medical, Labview, PCBA, HALT, Python, C, Analysis",Hybrid Remote Work,"Lake Forest, CA",55.00 - 70.00 USD Hourly,Not specified
Senior Software Engineer C++ and Python,Hybrid Remote Work,"Montréal, QC, Canada",Not specified,Full-Time
Junior Python Engineer,Hybrid Remote Work,"Poznan, Poland",Not specified,Full-Time
Python Developer - Architect,Hybrid Remote Work,"Montreal, QC, Canada",Not specified,Full-Time
Python Developer Senior,100% Remote Work,Argentina,Not specified,Full-Time
Python Developer,100% Remote Work,"Gurugram, India",Not specified,Full-Time
Software developer - Python Java,Hybrid Remote Work,"Basking Ridge, NJ, Temple Terrace, FL",Not specified,Full-Time
Python Developer - Risk Technology,Hybrid Remote Work,"Jersey City, NJ, White Plains, NY, Charlotte, NC","115,000 - 205,000 USD Annually",Full-Time
"Software Engineer, Observability (Go, Python and K8s)",100% Remote Work,"Hyderabad, TS, India, Bangalore, KA, India",Not specified,Full-Time
"Senior Software Engineer - JavaScript, Python, AWS Lambda",100% Remote Work,US National,"110,000 - 140,000 USD Annually",Full-Time
Software Engineer - Splunk - Python,100% Remote Work,IN,Not specified,Full-Time
"Senior, Software Engineer - Full Stack Python, Gen AI Developer",Hybrid Remote Work,"Sunnyvale, CA","117,000 - 234,000 USD Annually",Full-Time
Senior Software Developer - Python,Hybrid Remote Work,"Jersey City, NJ","166,000 - 205,000 USD Annually",Full-Time
Senior Python Developer,Hybrid Remote Work,"Poznan, Poland","17,000 - 23,000 PLN Monthly",Full-Time
"Senior Engineer, Python",100% Remote Work,"Bengaluru, India",Not specified,Full-Time
Senior Application Developer – Python and SQL,Hybrid Remote Work,"San Francisco, CA","124,500 - 198,900 USD Annually",Full-Time
"Python Software Engineer, Commercial Systems",100% Remote Work,"Ukraine, Bulgaria, Croatia, Cyprus, Czechia, Egypt, Israel, Kenya, Lebanon, Luxembourg, Malta, Nigeria, Oman, Qatar, Romania, Saudi Arabia, Serbia, South Africa, United Arab Emirates, United Kingdom",Not specified,Full-Time
"Senior Software Engineer (Java, Python, AWS, Data Eng, Problem Solver)",Hybrid Remote Work,"Chicago, IL",Not specified,Full-Time
"Engineer II, Python",Hybrid Remote Work,"Boston, MA, Bozeman, MT","125,000 - 135,000 USD Annually",Full-Time
"Full Stack ""Python & React"" (L2 to L3) - Octopus by RTG",100% Remote Work,"Cairo, Egypt",Not specified,Full-Time
C / Python Engineer,100% Remote Work,"Chicago, IL",35.00 - 55.00 USD Hourly,Full-Time
Python Engineer,100% Remote Work,"Frankfurt, Germany",Not specified,Full-Time
Python Engineer,100% Remote Work,"Barcelona, Spain",Not specified,Full-Time
Python Engineer,100% Remote Work,"London, United Kingdom",Not specified,Full-Time
Python Engineer,100% Remote Work,Germany,Not specified,Full-Time
Senior Python Backend and Solidity Engineer,100% Remote Work,"Buenos Aires, Argentina",Not specified,Full-Time
Senior Python Engineer,100% Remote Work,Brazil,Not specified,Full-Time
Senior Python Engineer,Hybrid Remote Work,"Frankfurt, HE, Germany",Not specified,Full-Time
Senior Python Engineer,100% Remote Work,"Austin, TX",Not specified,Full-Time
Senior Software Engineer - Python,100% Remote Work,"Kraków, Poland","21,250 - 25,000 PLN Monthly",Full-Time
Senior Python Programmer,Hybrid Remote Work,"Princeton, NJ",Not specified,Full-Time
Python Developer,100% Remote Work,Greece,Not specified,Full-Time
Senior Python Developer,100% Remote Work,"Newcastle, United Kingdom",Not specified,Full-Time
Python Developer,100% Remote Work,US National,70.00 - 82.33 USD Hourly,Full-Time
Software Developer - Python,Hybrid Remote Work,"New York, NY","113,000 - 170,000 USD Annually",Full-Time
Senior Python Developer,100% Remote Work,"Pune, MH, India","700,000 - 900,000 INR Annually",Full-Time
Lead Backend Developer Python,Hybrid Remote Work,"Paris, IDF, France",Not specified,Full-Time
Senior Python Developer,100% Remote Work,US National,"135,000 - 150,000 USD Annually",Full-Time
